1	Azerbaijan	ADA University
2	Azerbaijan	Odlar Yurdu University
4	Uzbekistan	Tashkent International University
8	Turkish Republic of Northern Cyprus	Arkin University of Creative Arts and Design
9	Turkish Republic of Northern Cyprus	University of Kyrenia
10	Turkish Republic of Northern Cyprus	Girne American University
11	Turkish Republic of Northern Cyprus	Cyprus International University
12	Turkish Republic of Northern Cyprus	European University of Lefke
13	Hungary	University of Debrecen
14	Azerbaijan	Baku State University
15	Azerbaijan	Azerbaijan Medical University
16	Azerbaijan	Azerbaijan University of Architecture and Construction
17	Azerbaijan	Azerbaijan University of Languages
18	Azerbaijan	Azerbaijan State University of Economics (UNEC)
19	Azerbaijan	Baku Slavic University
20	Azerbaijan	Azerbaijan State Agricultural University
21	Azerbaijan	Azerbaijan Sport Academy
22	Azerbaijan	Azerbaijan Academy of Labor and Social Relations
23	Azerbaijan	National Aviation Academy of “Azerbaijan Airlines” CJSC of the Republic of Azerbaijan 
24	Azerbaijan	Baku Engineering University
25	Azerbaijan	Mingachevir State University
26	Kazakhstan	Al-Farabi Kazakh National University
27	Kazakhstan	L.N.Gumilyov Eurasian National University
28	Kazakhstan	Akhmet Yassawi University
29	Kazakhstan	Nazarbayev University
30	Kazakhstan	Atyrau State University
31	Kazakhstan	Semey Medical University
32	Kazakhstan	Abay Kazakh National Pedagogical University
33	Kazakhstan	K.Zhubanov Aktobe Regional University
34	Kazakhstan	South Kazakhstan State Pedagogical University 
35	Kazakhstan	Kazakh National Women's Pedagogical University
36	Kazakhstan	Almaty University of Management
37	Kazakhstan	Sarsen Amanjholov East Kazakhstan University
38	Kazakhstan	Karaganda Buketov University
39	Kazakhstan	Kyzylorda University named after Korkyt Ata
40	Kazakhstan	International University of Tourism and Hospitality
41	Kazakhstan	Astana Medical University
42	Turkish Republic of Northern Cyprus	Doğu Akdeniz Üniversitesi (Cyprus)
43	Turkish Republic of Northern Cyprus	Bahçeşehir Cyprus University
44	Hungary	University of Szeged
45	Kyrgyzstan	Kyrgyz National University
46	Kyrgyzstan	Bishkek Humanities University
47	Kyrgyzstan	International University of Kyrgyzstan
48	Kyrgyzstan	Kyrgyz-Turkish Manas University
49	Kyrgyzstan	Osh State University
50	Kyrgyzstan	Kyrgyz-Uzbek International University named after Batyraly Sydykov
51	Turkiye	Istanbul University
52	Turkiye	Ege University
53	Turkiye	Ataturk University
54	Turkiye	Bitlis Eren University
55	Turkiye	Eskisehir Osmangazi University
56	Turkiye	Nigde Omer Khalisdemir University
57	Turkiye	Gazi University
58	Turkiye	Cappadocia University
59	Turkiye	Marmara Üniversitesi
60	Turkiye	Alanya Alaaddin Keykubat Üniversitesi
61	Turkiye	Ankara Üniversitesi
62	Turkiye	Bursa Uludağ Üniversitesi
63	Turkiye	Kahramanmaraş Sütçüimam University
64	Turkiye	İbn Haldun University
65	Turkiye	Sivas Cumhuriyet University
66	Turkiye	Bahçeşehir Üniversitesi
67	Turkiye	Afyonkarahisar Sağlık Bilimleri University
68	Turkiye	Anadolu University
69	Turkiye	Beykent University
70	Turkiye	Erzincan Binali Yıldırım Üniversitesi
71	Turkiye	Hacettepe Üniversitesi
72	Turkiye	Osmaniye Korkut Ata Üniversitesi
73	Turkiye	Çankırı Karatekin Ünıversitesi
74	Turkiye	Artvin Çoruh Ünıversitesi
75	Turkiye	Karamanoğlu Mehmetbey Üniversitesi
76	Turkiye	Altınbaş Üniversitesi
77	Turkiye	Ankara Yıldırım Beyazıt Üniversitesi
78	Turkiye	Hasan Kalyoncu Üniversitesi
79	Turkiye	Bilecık Şeyh Edebali Üniversitesi
80	Turkiye	Kastamonu Üniversitesi
81	Turkiye	Selçuk Üniversitesi
82	Turkiye	Dokuz Eylül Üniversitesi
83	Turkiye	Tokat Gaziosmanpaşa Üniversitesi
84	Turkiye	İstiniye Üniversitesi
85	Turkiye	Ankara Müzik ve Güzel Sanatlar Üniversitesi
86	Turkiye	Sakarya Üniversitesi
87	Turkiye	Kafkas Üniversitesi
88	Turkiye	Kırıkkale Üniversitesi
89	Turkiye	Iğdır Üniversitesi
90	Turkiye	İstanbul Gedik Üniversitesi
91	Turkiye	Ordu Üniversitesi
92	Turkiye	Balıkesir Üniversitesi
93	Turkiye	Kütahya Dumlupınar Üniversitesi
94	Turkiye	Ondokuz Mayıs Üniversitesi
95	Turkiye	Karabük Üniversitesi
96	Turkiye	Ankara Hacı Bayram Veli Üniversitesi
97	Turkiye	Kayseri Üniversitesi
98	Turkiye	Kırşehir Ahi Evran Üniversitesi
99	Turkiye	İzmir Kâtip Çelebi Üniversitesi
100	Turkiye	Kırklareli Üniversitesi
101	Turkiye	Erciyesi Üniversitesi
102	Turkiye	Istanbul Kültür Üniversitesi
103	Turkiye	Biruni Üniversitesi
104	Turkiye	Bursa Teknik Üniversitesi
105	Turkiye	Ankara Sosyal Bilimler Üniversitesi
106	Turkiye	KTO-Karatay Üniversitesi
107	Turkiye	Burdur Mehmet Akif Ersoy Üniversitesi
108	Turkiye	Aksaray Üniversitesi
109	Turkiye	Istanbul Ticaret Üniversitesi
110	Turkiye	Pamukkale Üniversitesi
111	Turkiye	Firat Üniversitesi
112	Uzbekistan	Tashkent State University of Uzbek language and literature
113	Uzbekistan	University of World Economy and Diplomacy (UWED)
114	Uzbekistan	Tashkent State University of Oriental Studies
115	Uzbekistan	Kokand University
116	Uzbekistan	“Silk Road” International University of Tourism of Uzbekistan
117	Uzbekistan	Journalism and Mass Communications University of the Republic of Uzbekistan
118	Uzbekistan	Tashkent State Transport University
119	Uzbekistan	Samarkand State University named after Sharof Rashidov
120	Uzbekistan	Uzbekistan State Institute of Arts and Culture
121	Uzbekistan	Termiz University of Economics and Service
122	Azerbaijan	Khazar University
123	Azerbaijan	Odlar Yurdu University
124	Azerbaijan	Lankaran State University
125	Azerbaijan	Baku Eurasian University
126	Azerbaijan	Azerbaijan State University of Culture and Arts
127	Azerbaijan	Azerbaijan State Pedagogical University
128	Azerbaijan	Azerbaijan Tourism and Management University
129	Azerbaijan	Baku Higher Oil School
130	Azerbaijan	Nakhchivan State University
131	Azerbaijan	Azerbaijan State Oil and Industry University
132	Azerbaijan	Azerbaijan Technical University
133	Azerbaijan	Karabakh University
134	Kazakhstan	East Kazakhstan Technical University
135	Kazakhstan	International Taraz University
136	Kazakhstan	Kazakh American Free University
137	Kazakhstan	Kazakh National Academy of Choreography
138	Turkiye	Süleyman Demirel University
139	Turkiye	Konya Technical University
140	Turkiye	Necmettin Erbakan University
141	Turkiye	Karadeniz Technical University
142	Turkiye	Düzce University
143	Turkiye	Ağrı İbrahim Çeçen University
144	Turkiye	Yozgat Bozok University
145	Turkiye	Samsun University
146	Turkiye	Kocaeli University
147	Turkiye	Sivas University of Science and Technology
148	Turkiye	Van Yüzüncü Yıl University
149	Turkiye	Kocaeli Health and Technology University
150	Turkiye	Adana Alparslan Türkeş Science and Technology University
151	Turkiye	Fatih Sultan Mehmet Vakıf University
152	Turkiye	Muş Alparslan University
153	Turkiye	Yeditepe University
154	Turkiye	Akdeniz University
155	Turkiye	Bartın University
156	Turkiye	Tarsus University
157	Turkiye	Gaziantep University
158	Turkiye	Çağ University
159	Turkiye	Izmir Institute of Technology
160	Turkiye	Sanko University
161	Turkiye	Üsküdar University
162	Turkiye	Sinop University
163	Turkiye	Istanbul Gelişim University
164	Turkiye	Afyon Kocatepe University
165	Turkiye	Uşak University
166	Turkiye	University of Health Sciences 
167	Uzbekistan	Nordic International University
168	Uzbekistan	Diplomat University
169	Uzbekistan	Zarmed University
170	Uzbekistan	Uzbek National Music Art Institute
171	Uzbekistan	The International School of Finance Technology and Science
172	Uzbekistan	Kokand State University
173	Hungary	University of Miskolc
174	Hungary	Obuda University
175	Hungary	Szechenyi Istvan University of Györ
